"","sex","age","edu","occ","oexp","income"
"247","f",65,"low","med.",43,946
"277","m",65,"med.","high",43,1682
"481","m",65,"low","high",47,1532
"513","m",65,"high","high",39,1851
"858","m",65,"low","med.",48,1520
"1173","m",65,"low","high",47,1591
"1368","m",65,"low","med.",48,1368
"1500","f",65,"low","low",41,1013
"84","f",64,"med.","med.",38,1295
"209","f",64,"low","med.",40,1124
"227","f",64,"low","med.",47,1139
"237","m",64,"high","high",38,1622
"289","m",64,"med.","high",43,1747
"417","f",64,"med.","med.",38,1397
"717","m",64,"high","high",39,1765
"895","m",64,"high","high",39,1821
"919","f",64,"low","low",45,1046
"1071","f",64,"low","low",41,830
"1536","f",64,"med.","med.",40,1272
"1718","m",64,"low","high",46,1607
"1747","m",64,"low","high",46,1442
"1788","m",64,"med.","high",41,1704
"1884","m",64,"low","high",45,1572
"4","f",63,"med.","med.",38,1339
"150","f",63,"low","low",42,1123
"400","f",63,"med.","med.",33,1337
"415","m",63,"low","high",45,1499
"420","f",63,"low","med.",43,1155
"508","m",63,"high","high",37,1693
"521","f",63,"low","low",42,1083
"543","f",63,"high","high",36,1501
"684","m",63,"high","high",39,1742
"1030","f",63,"low","low",42,1252
"1108","m",63,"high","high",37,1671
"1132","m",63,"low","med.",46,1462
"1249","m",63,"med.","high",42,1517
"1292","m",63,"med.","high",43,1904
"1333","f",63,"low","low",41,1157
"1381","f",63,"low","med.",41,1302
"1419","m",63,"high","high",38,1861
"1427","f",63,"med.","high",39,1510
"1637","m",63,"high","high",38,1934
"1","f",62,"low","low",35,953
"65","f",62,"low","low",41,1194
"72","f",62,"low","med.",44,1367
"136","m",62,"low","high",45,1523
"146","m",62,"med.","high",41,1568
"175","f",62,"med.","med.",37,1170
"230","m",62,"high","high",37,1819
"331","f",62,"med.","med.",38,1240
"335","m",62,"med.","high",40,1722
"413","f",62,"med.","high",38,1471
"487","m",62,"low","high",44,1631
"604","f",62,"low","low",42,1063
"655","f",62,"med.","med.",38,1102
"698","f",62,"high","high",31,1521
"722","f",62,"med.","low",41,1092
"735","m",62,"low","med.",45,1651
"778","m",62,"high","high",36,1763
"805","f",62,"high","high",30,1663
"816","f",62,"high","high",33,1697
"907","f",62,"low","med.",41,1237
"959","m",62,"low","high",43,1462
"963","f",62,"high","high",34,1919
"1002","m",62,"low","med.",44,1259
"1072","f",62,"low","med.",39,1296
"1227","f",62,"med.","med.",39,1248
"1274","m",62,"low","high",45,1572
"1283","m",62,"low","med.",44,1399
"1324","m",62,"low","high",43,1474
"1383","m",62,"low","high",46,1800
"1682","m",62,"med.","high",42,1638
"1740","f",62,"med.","high",38,1621
"1749","m",62,"high","high",38,1840
"1814","f",62,"med.","med.",36,1259
"1859","m",62,"high","high",37,1817
"1868","m",62,"med.","high",42,1907
"1900","m",62,"med.","high",43,1438
"54","f",61,"low","low",37,1033
"99","f",61,"low","med.",41,1109
"169","m",61,"low","med.",43,1403
"258","m",61,"med.","high",42,1629
"298","m",61,"med.","high",40,1714
"462","m",61,"low","high",44,1749
"544","m",61,"low","med.",44,1572
"637","m",61,"med.","high",39,1701
"808","f",61,"low","low",38,960
"868","f",61,"low","low",44,948
"905","f",61,"med.","med.",35,1184
"944","f",61,"low","low",40,1093
"958","m",61,"med.","high",40,1550
"1088","f",61,"low","low",39,1122
"1303","f",61,"low","med.",40,1086
"1342","m",61,"low","high",44,1830
"1459","f",61,"med.","med.",31,1253
"1466","m",61,"low","high",44,1342
"1504","m",61,"high","high",35,1871
"1549","m",61,"low","med.",43,1456
"1619","m",61,"low","high",43,1705
"1628","f",61,"high","high",32,1663
"1663","m",61,"med.","high",40,1810
"1794","f",61,"high","high",36,1622
"43","m",60,"low","med.",44,1500
"118","f",60,"low","low",40,1053
"135","f",60,"low","low",38,1094
"165","m",60,"med.","high",40,1531
"339","f",60,"low","low",36,1273
"411","f",60,"low","med.",39,1198
"496","m",60,"med.","med.",39,1342
"506","m",60,"low","high",42,1528
"550","m",60,"low","med.",43,1361
"578","f",60,"high","high",33,1783
"589","m",60,"low","med.",43,1311
"590","m",60,"high","high",36,1690
"695","f",60,"med.","med.",33,1198
"696","m",60,"med.","high",39,1957
"712","m",60,"high","high",34,1514
"814","f",60,"low","low",39,958
"847","m",60,"low","high",43,1575
"901","f",60,"low","low",36,1106
"953","m",60,"low","high",42,1470
"1045","m",60,"low","high",41,1589
"1058","m",60,"low","high",43,1227
"1073","m",60,"low","med.",42,1532
"1077","f",60,"low","low",34,1104
"1079","f",60,"high","high",38,1623
"1091","f",60,"high","high",30,1634
"1177","m",60,"high","high",33,1637
"1267","f",60,"low","med.",36,1399
"1268","f",60,"high","high",31,1356
"1318","f",60,"low","low",36,1201
"1331","f",60,"med.","high",39,1690
"1336","m",60,"low","med.",42,1172
"1392","m",60,"low","med.",43,1424
"1401","m",60,"high","high",35,1800
"1518","f",60,"low","low",44,1120
"1646","m",60,"low","med.",41,1584
"1686","f",60,"high","high",33,1486
"1826","f",60,"low","low",40,1211
"1887","m",60,"high","high",34,1565
"16","f",59,"low","low",35,1064
"36","f",59,"low","med.",38,1329
"76","f",59,"high","high",31,1549
"80","f",59,"med.","med.",34,1241
"85","m",59,"low","med.",42,1513
"153","f",59,"med.","high",34,1483
"206","m",59,"low","high",41,1612
"224","m",59,"low","med.",42,1399
"272","f",59,"low","low",35,1126
"273","m",59,"high","high",35,1780
"308","m",59,"med.","high",38,1725
"309","m",59,"med.","high",39,1900
"322","m",59,"high","high",34,1756
"347","m",59,"low","high",41,1449
"352","m",59,"low","high",41,1654
"395","m",59,"low","high",42,1544
"424","f",59,"high","high",30,1839
"458","m",59,"med.","high",38,1508
"468","f",59,"high","high",33,1727
"528","m",59,"med.","high",36,1426
"598","m",59,"high","high",35,1851
"704","f",59,"low","low",42,1219
"709","m",59,"low","high",40,1477
"749","f",59,"med.","high",35,1571
"777","m",59,"low","med.",41,1380
"780","f",59,"low","med.",37,1123
"841","m",59,"med.","high",37,1443
"882","m",59,"low","high",41,1538
"891","f",59,"med.","high",31,1594
"947","m",59,"med.","high",37,1540
"955","f",59,"high","high",29,1586
"1101","m",59,"low","high",41,1476
"1138","f",59,"med.","med.",32,1069
"1146","m",59,"med.","high",39,1513
"1163","f",59,"low","med.",40,1104
"1217","m",59,"low","med.",42,1406
"1233","m",59,"med.","high",37,1691
"1258","f",59,"low","med.",35,1235
"1259","m",59,"low","high",41,1444
"1299","f",59,"med.","med.",35,1372
"1300","f",59,"high","high",28,1496
"1344","f",59,"low","low",40,880
"1362","m",59,"high","high",34,1892
"1380","m",59,"low","med.",41,1583
"1422","m",59,"high","high",35,1781
"1604","f",59,"med.","high",34,1616
"1614","m",59,"low","med.",40,1271
"1643","f",59,"low","med.",38,1106
"1921","f",59,"med.","high",34,1399
"14","m",58,"low","high",39,1369
"20","f",58,"high","high",28,1595
"106","m",58,"low","high",41,1588
"137","m",58,"med.","high",37,1738
"257","f",58,"low","low",35,970
"299","f",58,"low","med.",36,1196
"327","m",58,"low","high",41,1511
"369","m",58,"med.","high",37,1802
"376","f",58,"high","high",28,1563
"416","f",58,"med.","med.",33,1315
"446","m",58,"med.","high",38,1506
"472","f",58,"low","low",36,1226
"493","f",58,"high","high",24,1470
"519","m",58,"low","high",41,1539
"538","m",58,"low","high",42,1529
"541","f",58,"high","high",27,1617
"552","f",58,"low","low",38,1221
"611","m",58,"med.","high",37,1543
"617","f",58,"low","low",37,1078
"630","f",58,"med.","high",41,1536
"669","m",58,"high","high",34,1805
"770","m",58,"low","med.",40,1382
"782","m",58,"high","high",32,1763
"789","f",58,"med.","high",32,1352
"922","m",58,"med.","high",37,1589
"925","m",58,"med.","high",38,1423
"939","m",58,"low","med.",39,1386
"967","f",58,"low","low",40,1126
"1007","f",58,"high","high",27,1399
"1074","f",58,"med.","med.",31,1325
"1187","f",58,"low","low",39,1090
"1194","m",58,"low","med.",40,1361
"1219","m",58,"med.","high",37,1492
"1275","m",58,"med.","high",38,1418
"1278","m",58,"low","med.",40,1391
"1527","m",58,"high","high",33,1608
"1577","f",58,"low","low",38,1201
"1709","f",58,"low","low",35,1328
"1721","m",58,"med.","high",36,1678
"1733","m",58,"med.","high",39,1680
"1748","f",58,"low","med.",31,1190
"1799","m",58,"low","med.",38,1144
"1806","m",58,"med.","high",38,1713
"1808","m",58,"med.","high",39,1773
"1817","f",58,"low","low",37,1114
"1881","m",58,"low","high",40,1495
"1890","m",58,"high","high",34,1719
"32","m",57,"low","med.",40,1333
"33","m",57,"high","high",32,1789
"39","f",57,"med.","high",37,1398
"64","f",57,"low","low",37,1081
"122","m",57,"med.","high",35,1691
"144","f",57,"high","high",29,1781
"163","m",57,"low","high",37,1566
"174","f",57,"low","low",36,1104
"186","f",57,"med.","high",30,1258
"193","f",57,"med.","med.",33,1227
"199","m",57,"high","high",32,1875
"245","m",57,"low","med.",41,1495
"318","f",57,"low","low",33,986
"355","m",57,"low","high",40,1567
"393","m",57,"low","med.",39,1446
"426","m",57,"med.","high",37,1570
"482","m",57,"med.","high",38,1825
"489","f",57,"low","med.",33,1145
"621","m",57,"low","med.",38,1313
"624","m",57,"med.","high",35,1641
"689","m",57,"low","high",39,1572
"725","m",57,"high","high",32,1784
"746","m",57,"low","high",39,1608
"753","m",57,"med.","med.",36,1506
"837","f",57,"low","low",35,975
"927","f",57,"high","high",31,1613
"980","m",57,"med.","high",34,1616
"981","m",57,"high","high",32,1849
"987","m",57,"low","high",40,1395
"1041","f",57,"low","med.",36,1270
"1083","f",57,"high","high",30,1811
"1234","m",57,"low","med.",39,1624
"1262","f",57,"low","low",32,1111
"1313","m",57,"low","med.",36,1428
"1420","f",57,"low","low",34,1036
"1489","f",57,"low","low",34,1233
"1490","f",57,"high","med.",26,1419
"1496","f",57,"med.","med.",34,1240
"1522","f",57,"low","low",30,1112
"1547","f",57,"high","high",31,1602
"1561","f",57,"high","high",26,1654
"1668","f",57,"low","med.",33,1189
"1698","f",57,"low","low",34,932
"1823","f",57,"low","low",34,1158
"1836","m",57,"high","high",32,1816
"1851","f",57,"high","high",28,1510
"1922","m",57,"low","high",39,1370
"3","m",56,"med.","high",36,1466
"42","m",56,"low","high",39,1463
"75","m",56,"high","high",30,1820
"117","f",56,"high","high",27,1627
"121","f",56,"low","med.",32,956
"138","m",56,"low","med.",40,1179
"180","m",56,"low","high",38,1363
"214","m",56,"high","high",32,1983
"262","m",56,"high","high",31,2033
"264","f",56,"high","high",31,1608
"314","m",56,"high","high",33,1982
"359","m",56,"med.","high",35,1711
"361","f",56,"med.","med.",31,1235
"500","m",56,"low","med.",38,1460
"523","f",56,"low","med.",32,1315
"567","f",56,"low","low",34,1374
"657","f",56,"med.","low",31,1174
"830","m",56,"high","high",30,1927
"842","f",56,"low","low",32,1039
"851","f",56,"high","high",32,1537
"938","m",56,"high","high",30,1693
"965","m",56,"low","med.",39,1491
"992","f",56,"high","med.",26,1511
"1038","m",56,"low","high",38,1443
"1103","m",56,"low","high",39,1626
"1123","f",56,"high","high",32,1616
"1150","m",56,"med.","high",33,1511
"1208","m",56,"med.","high",35,1774
"1434","f",56,"high","high",27,1772
"1493","m",56,"high","high",32,2115
"1563","f",56,"med.","high",30,1367
"1568","m",56,"high","high",30,1840
"1572","m",56,"low","med.",37,1330
"1597","m",56,"low","high",37,1338
"1607","m",56,"med.","high",37,1526
"1648","m",56,"low","med.",37,1392
"1689","m",56,"low","high",39,1632
"1716","m",56,"low","high",40,1515
"1792","m",56,"med.","high",33,1653
"1854","m",56,"med.","high",36,1574
"1865","m",56,"low","med.",38,1551
"1880","m",56,"med.","high",35,1556
"1902","m",56,"low","high",38,1456
"40","f",55,"low","med.",33,909
"70","m",55,"low","med.",37,1545
"151","m",55,"high","high",28,1975
"167","f",55,"low","low",36,1177
"384","m",55,"med.","med.",34,1421
"419","f",55,"med.","high",31,1379
"447","m",55,"med.","high",34,1766
"450","m",55,"high","high",29,1914
"454","f",55,"low","low",29,1304
"593","m",55,"low","med.",36,1403
"615","m",55,"low","med.",36,1472
"700","m",55,"low","high",38,1562
"767","m",55,"low","med.",36,1527
"776","f",55,"low","low",30,1299
"785","m",55,"low","low",37,1408
"823","m",55,"low","med.",38,1484
"839","m",55,"med.","high",34,1487
"856","m",55,"low","med.",35,1393
"875","m",55,"high","high",30,1937
"900","m",55,"med.","high",34,1481
"932","f",55,"med.","med.",26,1331
"966","f",55,"low","med.",35,1177
"1005","m",55,"high","high",29,1813
"1051","m",55,"med.","high",34,1723
"1055","f",55,"low","med.",30,1242
"1089","m",55,"low","med.",37,1145
"1107","f",55,"med.","med.",32,1171
"1131","m",55,"med.","high",34,1864
"1145","f",55,"med.","high",29,1312
"1282","f",55,"low","med.",35,1385
"1435","m",55,"high","high",29,1680
"1458","m",55,"med.","high",34,1664
"1506","m",55,"med.","med.",33,1398
"1611","f",55,"high","high",30,1532
"1624","m",55,"low","med.",38,1608
"1669","m",55,"high","high",29,1881
"1690","f",55,"med.","low",28,1071
"1732","f",55,"low","low",30,937
"1739","m",55,"med.","high",35,1656
"1745","m",55,"med.","high",35,1485
"1803","m",55,"high","high",31,2002
"1811","f",55,"low","med.",30,1108
"1852","f",55,"low","low",35,855
"1910","f",55,"med.","med.",28,1148
"10","f",54,"low","low",30,1000
"194","m",54,"med.","high",33,1518
"216","m",54,"low","med.",34,1111
"307","m",54,"low","med.",36,1309
"320","f",54,"med.","high",25,1405
"332","f",54,"low","low",31,952
"364","m",54,"low","high",36,1478
"397","m",54,"med.","high",31,1628
"405","f",54,"med.","low",26,1300
"474","f",54,"low","low",32,1163
"537","f",54,"med.","med.",30,1237
"618","f",54,"low","low",32,947
"645","f",54,"med.","med.",28,1394
"791","f",54,"high","med.",24,1296
"877","m",54,"low","high",36,1466
"916","f",54,"med.","med.",28,1297
"917","f",54,"high","high",27,1636
"1105","f",54,"low","low",35,1258
"1170","m",54,"high","high",28,1763
"1195","f",54,"low","low",33,927
"1196","f",54,"high","high",22,1407
"1211","m",54,"med.","high",33,1631
"1226","m",54,"med.","high",34,1549
"1311","m",54,"med.","high",34,1600
"1315","m",54,"med.","high",34,1825
"1328","m",54,"high","high",31,1782
"1403","f",54,"med.","med.",29,1518
"1548","m",54,"low","high",37,1348
"1566","m",54,"low","high",36,1187
"1665","m",54,"med.","high",31,1517
"1735","m",54,"low","high",37,1454
"1752","m",54,"med.","high",35,1797
"1775","m",54,"low","med.",35,1571
"1785","m",54,"low","med.",36,1342
"1795","f",54,"low","low",32,1341
"1805","m",54,"low","low",35,1142
"1861","m",54,"low","med.",37,1516
"1874","m",54,"low","high",36,1568
"8","f",53,"low","low",30,1039
"35","f",53,"med.","med.",28,1365
"132","f",53,"low","low",29,964
"149","f",53,"high","high",23,1498
"235","m",53,"low","high",36,1246
"354","m",53,"med.","high",32,1629
"421","f",53,"low","low",34,843
"483","m",53,"med.","high",31,1625
"529","m",53,"low","high",35,1398
"530","f",53,"med.","med.",26,1240
"545","m",53,"med.","high",31,1619
"597","f",53,"med.","med.",31,1253
"619","m",53,"low","low",35,1388
"649","m",53,"med.","high",33,1532
"686","m",53,"low","med.",35,1461
"705","m",53,"low","high",36,1435
"751","f",53,"med.","med.",26,1281
"809","m",53,"low","med.",34,1287
"821","m",53,"low","high",35,1546
"825","m",53,"low","med.",35,1352
"862","m",53,"low","high",37,1479
"885","m",53,"med.","high",30,1678
"941","f",53,"low","med.",27,1144
"964","f",53,"low","low",28,1045
"975","m",53,"low","med.",33,1325
"999","m",53,"low","med.",35,1368
"1016","m",53,"low","med.",34,1477
"1049","m",53,"high","high",26,1612
"1085","f",53,"low","low",29,1166
"1086","f",53,"high","med.",25,1409
"1128","f",53,"med.","med.",27,1351
"1212","m",53,"med.","high",31,1516
"1224","f",53,"low","low",30,834
"1270","f",53,"high","high",24,1497
"1343","m",53,"high","high",29,1824
"1378","f",53,"med.","low",27,941
"1386","f",53,"med.","low",24,1156
"1399","m",53,"low","med.",34,1393
"1412","f",53,"high","high",27,1601
"1638","f",53,"med.","med.",31,1120
"1661","f",53,"low","low",32,1252
"1685","m",53,"low","med.",36,1472
"1707","m",53,"med.","high",32,1683
"1763","f",53,"med.","med.",27,1350
"1765","f",53,"low","med.",34,1034
"1770","m",53,"high","high",28,1769
"1858","f",53,"low","low",28,1060
"1891","f",53,"med.","med.",26,1242
"1909","m",53,"low","med.",35,1409
"12","m",52,"low","high",32,1555
"78","m",52,"high","high",27,1794
"105","m",52,"med.","high",30,1571
"133","m",52,"low","low",34,1509
"164","f",52,"high","high",22,1510
"187","m",52,"med.","high",31,1673
"219","m",52,"high","high",25,1685
"226","m",52,"low","med.",34,1479
"265","m",52,"low","low",34,1179
"290","f",52,"high","high",20,1448
"387","m",52,"low","low",32,1203
"438","f",52,"low","low",26,1004
"464","m",52,"high","high",28,1532
"516","m",52,"med.","high",32,1513
"518","f",52,"low","low",35,1130
"533","m",52,"low","high",34,1485
"547","m",52,"low","high",34,1504
"562","m",52,"high","high",30,1910
"631","f",52,"med.","med.",30,1334
"681","m",52,"low","med.",34,1218
"801","m",52,"low","high",36,1602
"810","f",52,"low","low",35,1237
"878","m",52,"low","high",33,1441
"879","m",52,"med.","high",31,1527
"884","m",52,"med.","high",32,1754
"887","f",52,"low","med.",30,1164
"930","m",52,"med.","high",30,1659
"934","m",52,"med.","med.",31,1395
"979","m",52,"high","high",28,1620
"1039","m",52,"med.","high",32,1450
"1060","m",52,"low","med.",35,1531
"1161","m",52,"low","high",34,1344
"1171","f",52,"med.","med.",28,1206
"1176","m",52,"med.","high",31,1559
"1181","m",52,"low","med.",33,1425
"1192","f",52,"high","high",21,1468
"1337","f",52,"high","high",24,1413
"1371","f",52,"high","high",22,1292
"1388","m",52,"high","high",27,1816
"1433","f",52,"med.","low",26,1169
"1479","f",52,"med.","med.",25,1226
"1517","m",52,"med.","high",29,1439
"1605","f",52,"low","low",31,1110
"1610","f",52,"low","med.",31,1099
"1757","m",52,"med.","high",31,1657
"1834","f",52,"med.","high",31,1413
"1855","m",52,"low","med.",33,1413
"1863","f",52,"med.","med.",25,1142
"1906","m",52,"low","high",33,1734
"11","m",51,"med.","high",30,1523
"28","m",51,"med.","med.",30,1566
"30","m",51,"med.","high",29,1593
"44","m",51,"med.","high",29,1494
"66","m",51,"high","high",25,1929
"82","f",51,"med.","med.",28,1484
"96","f",51,"med.","med.",25,1061
"102","f",51,"high","high",22,1632
"107","m",51,"low","med.",34,1268
"131","f",51,"low","low",28,925
"203","f",51,"high","high",23,1633
"362","m",51,"med.","high",29,1591
"479","m",51,"med.","high",30,1425
"526","f",51,"low","low",27,1114
"558","f",51,"low","low",25,918
"561","m",51,"low","med.",33,1497
"622","m",51,"low","med.",33,1437
"653","m",51,"low","med.",32,1407
"739","m",51,"med.","med.",29,1416
"743","f",51,"med.","med.",22,1163
"768","f",51,"med.","med.",27,1210
"797","f",51,"low","med.",28,1265
"835","f",51,"med.","med.",26,1353
"911","f",51,"med.","low",25,1264
"929","m",51,"low","low",34,1461
"940","m",51,"low","med.",34,1333
"996","m",51,"med.","high",30,1711
"998","m",51,"low","med.",33,1443
"1000","m",51,"med.","high",32,1477
"1009","f",51,"low","low",27,1216
"1012","f",51,"low","low",29,1117
"1031","m",51,"low","med.",34,1453
"1047","m",51,"med.","med.",29,1581
"1070","f",51,"low","low",29,1127
"1137","m",51,"med.","high",31,1405
"1147","m",51,"low","med.",33,1276
"1231","f",51,"med.","med.",24,1318
"1302","m",51,"med.","high",30,1490
"1404","f",51,"low","low",24,968
"1426","m",51,"low","med.",33,1425
"1453","f",51,"low","low",30,1192
"1481","m",51,"med.","high",30,1715
"1524","f",51,"high","high",23,1453
"1539","f",51,"med.","low",27,1399
"1623","f",51,"med.","med.",27,972
"1633","m",51,"high","high",24,1777
"1680","m",51,"med.","high",29,1561
"1710","f",51,"high","high",19,1264
"1720","f",51,"med.","med.",30,1247
"1728","f",51,"high","med.",24,1422
"1759","f",51,"low","med.",29,1351
"1812","f",51,"low","med.",29,1170
"1866","m",51,"low","med.",32,1066
"130","m",50,"high","high",25,1565
"156","m",50,"low","low",31,1353
"197","m",50,"med.","med.",28,1694
"241","m",50,"low","med.",34,1520
"284","m",50,"med.","high",27,1708
"297","m",50,"low","med.",32,1314
"341","m",50,"low","med.",32,1228
"380","m",50,"med.","high",28,1262
"429","m",50,"low","med.",32,1416
"445","m",50,"med.","med.",28,1742
"627","f",50,"med.","high",26,1480
"632","m",50,"low","med.",31,1206
"658","m",50,"med.","high",30,1621
"663","m",50,"low","high",33,1374
"675","m",50,"low","med.",32,1317
"826","m",50,"med.","med.",30,1610
"864","f",50,"low","low",33,934
"1054","f",50,"med.","high",24,1283
"1063","f",50,"med.","med.",24,1098
"1121","m",50,"med.","high",29,1607
"1165","m",50,"high","high",25,1650
"1172","m",50,"low","high",32,1390
"1174","f",50,"med.","med.",27,1306
"1250","m",50,"high","high",25,1742
"1285","f",50,"low","low",28,1111
"1297","m",50,"low","med.",33,1235
"1306","f",50,"high","high",20,1451
"1314","m",50,"low","high",31,1518
"1360","f",50,"low","low",26,915
"1375","f",50,"med.","med.",23,1446
"1395","m",50,"med.","high",30,1696
"1436","m",50,"med.","high",29,1768
"1447","f",50,"med.","med.",27,1443
"1476","m",50,"med.","high",30,1530
"1484","m",50,"med.","high",28,1712
"1494","f",50,"med.","med.",23,1313
"1508","m",50,"low","high",33,1408
"1545","m",50,"high","high",24,1691
"1657","m",50,"low","high",32,1531
"1828","m",50,"low","med.",32,1598
"1899","m",50,"high","high",26,1591
"9","m",49,"low","med.",31,1438
"25","f",49,"high","high",16,1402
"103","m",49,"low","med.",30,1429
"108","f",49,"high","high",19,1533
"152","m",49,"high","high",24,1795
"178","m",49,"low","low",30,1176
"207","m",49,"med.","med.",27,1629
"229","f",49,"high","high",22,1534
"238","m",49,"high","high",25,1827
"260","f",49,"med.","med.",24,1387
"408","f",49,"high","high",23,1626
"409","m",49,"low","med.",31,1145
"410","f",49,"med.","med.",28,1320
"412","f",49,"low","low",28,1024
"534","m",49,"med.","high",28,1469
"569","m",49,"low","med.",31,1482
"607","m",49,"low","low",31,1586
"629","f",49,"high","high",21,1507
"670","m",49,"low","low",31,1128
"714","m",49,"low","med.",31,1512
"794","m",49,"low","med.",32,1398
"798","f",49,"low","low",28,1124
"838","f",49,"low","med.",25,1032
"865","f",49,"high","high",20,1291
"883","m",49,"med.","med.",28,1466
"894","f",49,"high","high",23,1320
"899","m",49,"med.","med.",28,1518
"1029","m",49,"high","high",25,1825
"1056","m",49,"med.","high",30,1638
"1186","m",49,"med.","high",27,1610
"1209","m",49,"high","high",22,1643
"1215","m",49,"high","high",25,1621
"1347","f",49,"high","med.",22,1361
"1363","f",49,"low","low",29,933
"1396","m",49,"med.","med.",28,1462
"1437","m",49,"high","high",24,1592
"1469","f",49,"high","high",24,1634
"1473","m",49,"med.","high",27,1807
"1495","f",49,"low","med.",30,1408
"1542","f",49,"low","low",26,901
"1555","m",49,"high","high",26,1845
"1620","f",49,"low","med.",26,868
"1702","m",49,"med.","high",27,1599
"1706","m",49,"med.","high",28,1707
"1726","m",49,"high","high",25,1693
"1796","m",49,"low","med.",32,1468
"1831","m",49,"low","med.",32,1181
"1840","f",49,"med.","med.",24,1292
"18","f",48,"low","low",23,1195
"68","m",48,"med.","med.",26,1319
"140","m",48,"high","high",23,1674
"159","f",48,"low","med.",26,1212
"196","m",48,"med.","high",27,1724
"208","m",48,"low","med.",30,1238
"210","m",48,"low","high",31,1651
"211","m",48,"low","med.",30,1329
"228","f",48,"low","low",24,758
"285","f",48,"low","low",23,879
"401","m",48,"med.","med.",26,1334
"453","m",48,"med.","high",26,1771
"484","m",48,"med.","med.",26,1537
"527","m",48,"high","high",23,1507
"539","f",48,"low","low",24,1049
"610","f",48,"low","low",25,1277
"620","f",48,"high","med.",17,1288
"674","f",48,"low","med.",22,1147
"702","f",48,"med.","med.",29,1136
"715","f",48,"high","high",18,1497
"745","m",48,"low","med.",30,1401
"765","f",48,"med.","med.",25,1118
"822","m",48,"low","low",29,1187
"867","m",48,"med.","high",26,1495
"892","f",48,"high","high",22,1463
"931","m",48,"med.","high",28,1612
"954","f",48,"med.","med.",24,1366
"1033","f",48,"low","low",24,939
"1043","f",48,"high","high",19,1432
"1069","f",48,"low","low",26,956
"1124","m",48,"med.","high",27,1446
"1213","m",48,"med.","high",26,1553
"1240","f",48,"low","low",25,1043
"1241","m",48,"low","med.",29,1232
"1272","f",48,"low","low",30,857
"1273","m",48,"med.","high",27,1552
"1424","m",48,"med.","high",28,1659
"1557","m",48,"med.","high",26,1672
"1573","m",48,"low","med.",30,1359
"1596","f",48,"high","high",17,1418
"1598","m",48,"med.","high",27,1581
"1653","f",48,"med.","med.",20,1261
"1679","f",48,"low","low",25,1030
"1691","f",48,"med.","med.",27,1170
"1695","f",48,"med.","low",23,1596
"1746","f",48,"med.","med.",23,1077
"1768","m",48,"low","low",30,1082
"1777","m",48,"high","high",25,1710
"1838","m",48,"med.","high",27,1669
"1864","m",48,"med.","med.",27,1558
"1907","m",48,"low","med.",28,1157
"81","f",47,"med.","med.",22,1182
"92","m",47,"low","med.",27,1380
"116","m",47,"low","med.",28,1181
"155","m",47,"low","med.",29,1198
"183","f",47,"low","med.",21,1213
"190","m",47,"low","low",28,1198
"249","m",47,"med.","med.",26,1468
"302","m",47,"low","med.",29,1327
"360","f",47,"med.","med.",20,1200
"374","f",47,"med.","med.",23,1372
"382","f",47,"med.","med.",23,1224
"430","m",47,"med.","med.",26,1626
"440","m",47,"low","med.",31,1206
"497","f",47,"med.","med.",18,1290
"524","m",47,"med.","med.",26,1504
"564","f",47,"high","high",15,1636
"565","m",47,"med.","high",26,1420
"566","m",47,"med.","high",26,1592
"612","m",47,"med.","med.",28,1511
"688","f",47,"high","high",15,1490
"692","m",47,"low","med.",27,1580
"716","m",47,"high","high",22,1623
"726","m",47,"med.","high",27,1534
"766","m",47,"low","med.",28,1311
"787","f",47,"low","low",26,1069
"827","m",47,"med.","med.",27,1433
"923","m",47,"high","high",21,1597
"1017","m",47,"low","med.",29,1340
"1019","f",47,"high","high",17,1510
"1026","m",47,"high","high",22,1703
"1190","m",47,"high","high",22,2071
"1193","m",47,"low","med.",29,1627
"1205","f",47,"low","low",24,908
"1384","m",47,"low","low",31,976
"1393","m",47,"med.","high",25,1760
"1452","f",47,"med.","med.",20,1286
"1501","m",47,"low","med.",29,1336
"1531","f",47,"low","med.",24,1262
"1535","m",47,"high","high",23,1697
"1629","m",47,"high","high",23,1692
"1642","m",47,"med.","high",26,1537
"1650","f",47,"high","high",21,1517
"1684","m",47,"low","med.",29,1279
"1754","f",47,"med.","med.",23,1313
"1779","f",47,"high","high",16,1455
"1819","m",47,"med.","med.",26,1538
"1848","m",47,"med.","med.",27,1374
"1871","m",47,"med.","med.",25,1418
"83","f",46,"low","low",25,829
"97","f",46,"med.","low",21,1260
"111","m",46,"med.","high",27,1716
"160","m",46,"high","high",22,1824
"168","m",46,"low","med.",29,1513
"243","m",46,"low","med.",28,1426
"268","m",46,"low","med.",26,1535
"342","f",46,"high","med.",16,1263
"379","f",46,"low","low",20,812
"488","f",46,"low","low",21,1041
"572","m",46,"low","low",29,1320
"582","m",46,"low","high",30,1699
"600","m",46,"med.","low",24,1423
"639","m",46,"med.","med.",27,1479
"730","f",46,"high","med.",21,1277
"773","f",46,"high","med.",18,1448
"853","f",46,"low","low",25,1029
"876","f",46,"med.","low",19,1201
"918","f",46,"low","low",21,1068
"952","m",46,"low","low",27,1508
"956","m",46,"med.","high",26,1405
"970","f",46,"low","low",18,869
"1050","m",46,"low","high",28,1267
"1068","f",46,"med.","med.",18,1104
"1110","m",46,"med.","high",26,1371
"1129","m",46,"high","high",21,1594
"1158","m",46,"med.","high",25,1466
"1178","m",46,"low","high",29,1261
"1198","f",46,"low","low",26,1038
"1206","f",46,"med.","med.",19,1434
"1246","m",46,"med.","high",25,1720
"1291","f",46,"med.","med.",21,1209
"1327","f",46,"low","low",27,1073
"1487","m",46,"low","med.",29,1495
"1516","m",46,"high","high",20,1689
"1530","f",46,"med.","med.",20,1419
"1652","f",46,"med.","high",20,1353
"1711","f",46,"high","high",17,1535
"1743","m",46,"med.","high",24,1396
"1800","m",46,"low","med.",28,1317
"1847","f",46,"high","high",19,1578
"1912","m",46,"med.","high",26,1596
"38","m",45,"med.","high",24,1593
"55","m",45,"med.","high",23,1493
"56","m",45,"high","high",18,1513
"59","f",45,"med.","med.",21,1436
"71","f",45,"high","high",19,1491
"109","f",45,"low","low",26,1123
"112","f",45,"med.","med.",22,1069
"115","m",45,"med.","high",24,1558
"134","m",45,"med.","med.",23,1606
"195","m",45,"low","low",29,1159
"236","m",45,"low","med.",26,1325
"244","m",45,"med.","med.",24,1324
"310","f",45,"med.","med.",17,1184
"392","m",45,"high","high",21,1760
"451","m",45,"high","high",19,1666
"511","f",45,"low","med.",20,989
"515","m",45,"low","med.",27,1275
"517","f",45,"low","low",25,993
"643","m",45,"low","low",29,1083
"652","m",45,"med.","high",25,1703
"713","m",45,"low","high",27,1456
"732","m",45,"high","high",20,1897
"733","f",45,"med.","med.",17,1247
"756","m",45,"high","high",20,1700
"774","m",45,"med.","med.",24,1357
"834","m",45,"low","med.",27,1455
"836","m",45,"med.","high",24,1539
"935","m",45,"high","high",19,1682
"1032","m",45,"high","high",21,1773
"1061","m",45,"high","high",20,1797
"1092","m",45,"low","low",26,1274
"1096","m",45,"low","low",27,1334
"1099","m",45,"low","med.",26,1296
"1167","m",45,"low","low",27,1248
"1182","f",45,"low","low",24,850
"1243","f",45,"high","med.",16,1518
"1254","f",45,"low","low",21,1049
"1260","f",45,"low","low",21,1120
"1280","f",45,"low","med.",23,1158
"1480","f",45,"high","med.",16,1345
"1564","f",45,"med.","high",20,1355
"1599","f",45,"low","low",23,1082
"1635","m",45,"med.","med.",25,1385
"1678","f",45,"med.","med.",18,1270
"1712","f",45,"high","high",17,1536
"1875","f",45,"med.","low",19,1235
"1885","m",45,"med.","med.",23,1584
"1895","m",45,"med.","high",24,1497
"1913","f",45,"med.","low",27,977
"46","m",44,"low","low",25,911
"100","f",44,"med.","low",17,1193
"104","m",44,"high","high",19,2025
"148","m",44,"high","high",20,1787
"181","f",44,"med.","high",18,1508
"198","f",44,"med.","med.",21,1232
"223","f",44,"med.","low",17,1190
"267","f",44,"low","low",26,1119
"278","f",44,"med.","low",19,1093
"334","m",44,"med.","med.",23,1199
"348","m",44,"med.","low",23,1389
"356","m",44,"med.","med.",22,1418
"358","m",44,"high","high",18,1738
"398","f",44,"low","low",22,1146
"414","f",44,"low","low",23,1039
"423","f",44,"low","low",20,1209
"459","f",44,"low","low",24,1197
"662","f",44,"med.","med.",20,1222
"719","f",44,"high","high",14,1542
"849","m",44,"med.","high",23,1640
"857","m",44,"med.","med.",24,1119
"871","m",44,"low","med.",28,1349
"950","m",44,"low","med.",27,1574
"1134","m",44,"low","med.",27,1358
"1155","m",44,"med.","high",24,1481
"1230","m",44,"high","med.",17,1312
"1307","m",44,"high","high",20,1726
"1389","m",44,"med.","high",22,1659
"1425","m",44,"low","high",25,1411
"1477","m",44,"low","low",25,1169
"1510","m",44,"med.","med.",24,1457
"1776","f",44,"high","med.",14,1510
"1798","m",44,"low","med.",26,1400
"1872","m",44,"high","high",18,1641
"24","m",43,"med.","high",20,1657
"77","f",43,"low","med.",15,1160
"212","m",43,"med.","med.",21,1426
"233","m",43,"low","low",25,1205
"291","m",43,"low","med.",26,1409
"350","f",43,"high","high",16,1665
"367","m",43,"med.","high",21,1561
"452","f",43,"med.","med.",17,1336
"467","m",43,"high","high",17,1879
"584","m",43,"low","med.",23,1420
"599","m",43,"med.","high",21,1752
"605","f",43,"low","low",22,992
"625","m",43,"med.","high",23,1342
"680","f",43,"high","med.",17,1298
"775","m",43,"med.","high",20,1467
"886","f",43,"high","high",14,1595
"1023","f",43,"high","high",16,1538
"1027","m",43,"high","med.",19,1541
"1066","f",43,"low","low",24,952
"1087","m",43,"med.","med.",21,1402
"1102","m",43,"med.","high",22,1500
"1112","m",43,"med.","med.",22,1625
"1114","m",43,"med.","med.",21,1301
"1202","m",43,"low","med.",27,1372
"1204","m",43,"med.","med.",23,1523
"1295","f",43,"low","low",22,1003
"1301","m",43,"low","low",24,1153
"1304","f",43,"med.","med.",23,1432
"1332","m",43,"low","med.",25,1396
"1356","m",43,"low","med.",25,1034
"1391","m",43,"low","med.",25,1239
"1406","f",43,"low","low",24,1028
"1416","m",43,"med.","med.",22,1453
"1451","m",43,"low","med.",27,1274
"1509","m",43,"med.","med.",21,1314
"1569","f",43,"med.","low",18,1088
"1580","m",43,"med.","med.",21,1362
"1692","f",43,"med.","med.",17,1317
"1699","f",43,"high","med.",18,1381
"1731","f",43,"high","high",15,1523
"1742","f",43,"low","low",18,1133
"1760","f",43,"med.","med.",16,1204
"1815","f",43,"low","med.",19,973
"58","f",42,"high","med.",10,1444
"154","f",42,"med.","med.",23,1196
"157","m",42,"med.","med.",21,1593
"200","m",42,"med.","high",22,1443
"231","f",42,"low","low",22,918
"344","f",42,"med.","med.",18,1411
"351","m",42,"med.","med.",20,1365
"365","m",42,"low","med.",23,1400
"378","m",42,"low","med.",23,1167
"383","m",42,"med.","med.",20,1426
"394","m",42,"med.","high",21,1296
"432","f",42,"low","med.",22,1373
"461","m",42,"low","med.",24,1290
"492","m",42,"med.","high",20,1262
"501","f",42,"high","high",10,1534
"507","f",42,"low","med.",16,945
"553","f",42,"high","high",14,1423
"626","f",42,"high","high",11,1466
"648","m",42,"med.","med.",22,1346
"678","m",42,"high","high",17,1543
"687","f",42,"high","med.",13,1433
"706","m",42,"high","high",18,1638
"737","f",42,"high","high",12,1335
"771","f",42,"med.","med.",16,1222
"783","f",42,"low","low",20,1056
"806","f",42,"low","low",22,1147
"854","m",42,"low","med.",23,1296
"870","m",42,"low","low",25,1207
"874","f",42,"med.","high",18,1405
"921","f",42,"med.","med.",18,1344
"991","m",42,"med.","high",21,1554
"1044","m",42,"low","med.",24,1502
"1143","m",42,"med.","high",22,1664
"1144","m",42,"med.","high",21,1656
"1151","f",42,"med.","med.",17,1217
"1228","f",42,"med.","med.",17,1096
"1245","f",42,"high","high",14,1375
"1252","m",42,"high","high",17,1600
"1376","m",42,"low","med.",25,1358
"1428","m",42,"high","high",16,1772
"1457","m",42,"med.","high",20,1633
"1486","f",42,"high","high",12,1634
"1503","m",42,"med.","high",21,1446
"1581","m",42,"med.","med.",19,1381
"1603","m",42,"low","low",24,1112
"1647","f",42,"low","low",20,933
"1715","f",42,"med.","high",14,1470
"1717","m",42,"low","low",25,1259
"1771","f",42,"low","low",19,1074
"1782","m",42,"low","med.",25,1351
"1801","f",42,"med.","med.",14,1054
"1822","m",42,"low","med.",22,1373
"1843","m",42,"med.","med.",21,1325
"89","f",41,"med.","med.",17,1137
"147","f",41,"low","med.",15,1103
"202","m",41,"low","low",23,1277
"254","f",41,"low","low",19,1014
"255","f",41,"low","med.",18,1108
"276","m",41,"high","high",15,1515
"292","f",41,"high","high",14,1453
"304","m",41,"med.","med.",19,1343
"305","f",41,"low","low",18,1090
"370","f",41,"high","med.",11,1415
"402","m",41,"med.","high",21,1608
"477","m",41,"high","high",16,1702
"494","m",41,"low","med.",23,1129
"591","f",41,"med.","med.",16,1246
"602","m",41,"low","med.",24,1434
"644","f",41,"high","high",10,1537
"650","m",41,"low","low",22,1037
"661","m",41,"med.","med.",19,1376
"682","f",41,"high","high",13,1476
"779","m",41,"med.","med.",20,1551
"813","f",41,"low","med.",18,1121
"833","f",41,"high","high",12,1450
"902","f",41,"low","low",23,985
"924","m",41,"low","med.",23,1263
"1011","f",41,"low","low",18,770
"1024","f",41,"low","low",20,1272
"1034","f",41,"med.","med.",15,1220
"1035","f",41,"low","med.",19,1067
"1149","m",41,"high","high",18,1728
"1236","m",41,"high","high",17,1693
"1261","f",41,"high","high",15,1622
"1361","f",41,"med.","med.",16,1381
"1402","f",41,"low","low",19,884
"1440","f",41,"low","low",16,1197
"1488","f",41,"med.","high",18,1443
"1497","f",41,"med.","low",14,1148
"1511","m",41,"med.","med.",22,1417
"1558","m",41,"high","high",15,1604
"1584","f",41,"med.","med.",14,1235
"1670","f",41,"low","low",19,1012
"1693","m",41,"med.","med.",20,1475
"1694","f",41,"med.","med.",17,1089
"1737","f",41,"low","low",20,1162
"1778","m",41,"low","med.",23,1160
"1802","f",41,"low","med.",21,1077
"1889","f",41,"med.","med.",16,1133
"1903","m",41,"high","high",15,1600
"1904","m",41,"low","low",23,1117
"15","m",40,"low","high",22,1431
"74","m",40,"low","low",22,1173
"139","m",40,"low","low",21,1014
"217","m",40,"low","med.",23,1449
"242","f",40,"med.","med.",17,1114
"275","m",40,"low","low",21,1313
"311","m",40,"low","low",21,1284
"317","m",40,"med.","med.",22,1427
"330","f",40,"high","high",10,1407
"340","m",40,"low","med.",24,1464
"372","m",40,"med.","high",19,1428
"388","f",40,"high","high",13,1469
"559","f",40,"low","low",22,825
"568","m",40,"med.","med.",20,1536
"588","m",40,"low","low",23,1215
"646","f",40,"low","low",15,1224
"647","f",40,"low","low",17,1126
"651","f",40,"low","low",14,759
"701","m",40,"med.","high",20,1445
"755","m",40,"high","high",16,1667
"790","f",40,"low","low",17,949
"792","f",40,"high","high",12,1466
"845","f",40,"high","high",7,1331
"846","m",40,"high","high",17,1356
"880","m",40,"high","high",15,1546
"903","m",40,"low","low",20,1204
"913","m",40,"low","low",22,1178
"1048","m",40,"low","med.",23,1295
"1106","m",40,"med.","med.",18,1398
"1141","f",40,"med.","med.",14,1049
"1286","m",40,"med.","high",19,1608
"1289","m",40,"high","high",15,1553
"1326","f",40,"med.","low",16,969
"1372","m",40,"low","med.",23,1463
"1382","m",40,"med.","high",20,1503
"1385","f",40,"med.","high",16,1397
"1460","f",40,"low","low",16,958
"1478","f",40,"high","high",9,1278
"1582","m",40,"high","high",16,1713
"1587","m",40,"low","low",23,1299
"1589","m",40,"med.","med.",20,1356
"1590","m",40,"low","low",22,1150
"1630","f",40,"high","high",8,1369
"1725","m",40,"med.","med.",17,1714
"1821","m",40,"med.","med.",18,1519
"1894","m",40,"med.","med.",20,1163
"7","f",39,"med.","low",13,951
"26","m",39,"high","high",13,1666
"166","m",39,"low","med.",22,1425
"185","m",39,"low","med.",21,1143
"192","f",39,"low","low",16,996
"250","m",39,"med.","med.",17,1229
"328","f",39,"low","med.",18,1016
"377","m",39,"low","low",20,1137
"437","f",39,"low","low",16,1029
"475","f",39,"med.","med.",13,1130
"476","f",39,"low","low",12,1017
"520","m",39,"high","med.",14,1506
"532","m",39,"low","med.",23,1411
"536","m",39,"high","high",14,1769
"549","m",39,"med.","high",18,1532
"551","m",39,"med.","high",20,1696
"596","f",39,"low","low",18,842
"641","m",39,"med.","high",18,1383
"699","f",39,"med.","low",17,922
"734","m",39,"low","med.",22,1522
"752","f",39,"med.","med.",18,1060
"757","f",39,"med.","med.",15,1078
"764","m",39,"high","high",14,1645
"811","f",39,"med.","med.",14,1236
"829","f",39,"med.","med.",15,1142
"832","f",39,"low","low",19,1190
"909","m",39,"low","med.",22,1112
"920","f",39,"med.","high",12,1371
"968","m",39,"med.","med.",17,1318
"1036","m",39,"med.","high",18,1351
"1065","m",39,"low","med.",22,1300
"1125","f",39,"med.","low",14,1075
"1153","m",39,"low","med.",21,1205
"1166","m",39,"low","med.",21,1229
"1256","f",39,"med.","med.",16,1476
"1309","m",39,"med.","high",20,1614
"1387","f",39,"low","low",17,1095
"1472","f",39,"low","low",19,1034
"1523","f",39,"med.","med.",11,1097
"1543","m",39,"low","low",23,1235
"1552","m",39,"low","low",21,1406
"1675","f",39,"med.","med.",12,1281
"1722","m",39,"low","med.",21,1330
"1766","f",39,"med.","low",18,1140
"1772","f",39,"med.","low",15,1057
"1783","m",39,"high","high",14,1646
"1793","m",39,"med.","med.",18,1354
"1893","m",39,"high","high",13,1621
"6","f",38,"med.","med.",12,1196
"31","f",38,"med.","low",11,1104
"45","m",38,"high","high",13,1868
"73","f",38,"low","low",14,1067
"87","m",38,"med.","high",18,1442
"363","m",38,"low","high",20,1664
"439","m",38,"med.","high",17,1460
"456","f",38,"med.","med.",12,1269
"503","f",38,"low","low",15,1028
"522","f",38,"low","low",17,1028
"608","f",38,"high","high",7,1512
"720","f",38,"low","low",19,796
"742","m",38,"low","med.",20,1204
"904","m",38,"med.","high",18,1431
"912","m",38,"med.","med.",17,1691
"926","f",38,"med.","med.",10,1098
"951","m",38,"low","low",20,1258
"977","m",38,"high","med.",12,1537
"986","m",38,"med.","med.",18,1324
"1127","m",38,"med.","med.",16,1297
"1184","m",38,"low","low",19,1071
"1191","f",38,"med.","med.",12,1036
"1199","m",38,"high","high",15,1516
"1338","m",38,"low","med.",20,1375
"1410","f",38,"low","low",18,940
"1551","m",38,"low","low",20,1207
"1578","m",38,"low","low",19,952
"1600","f",38,"low","low",16,1035
"1820","f",38,"low","low",13,1090
"1837","m",38,"high","high",13,1574
"41","m",37,"high","high",9,1462
"49","f",37,"low","low",18,1159
"94","m",37,"high","high",13,1665
"176","f",37,"high","med.",6,1285
"225","f",37,"high","high",11,1513
"234","m",37,"low","med.",20,1299
"246","m",37,"med.","med.",17,1345
"293","m",37,"med.","high",14,1400
"303","f",37,"med.","med.",12,1235
"396","f",37,"med.","med.",8,842
"422","m",37,"high","high",10,1693
"465","m",37,"low","med.",19,1397
"525","f",37,"low","low",12,1112
"555","m",37,"med.","high",15,1275
"556","f",37,"low","low",16,1026
"724","f",37,"med.","med.",11,1374
"750","m",37,"low","low",21,1155
"800","f",37,"low","low",19,1077
"844","m",37,"low","med.",19,1288
"872","m",37,"low","low",19,1505
"896","f",37,"high","high",8,1638
"898","f",37,"high","med.",9,1322
"928","f",37,"low","low",15,900
"943","m",37,"med.","med.",14,1276
"1010","f",37,"high","high",13,1680
"1185","f",37,"high","med.",10,1206
"1189","m",37,"low","low",20,1117
"1216","f",37,"med.","med.",12,1109
"1238","m",37,"med.","high",17,1633
"1308","f",37,"high","med.",9,1234
"1357","m",37,"med.","high",17,1370
"1359","m",37,"med.","med.",18,1511
"1421","m",37,"med.","high",16,1675
"1431","f",37,"med.","med.",19,1255
"1444","f",37,"low","low",16,937
"1454","f",37,"med.","low",14,1088
"1465","f",37,"med.","med.",11,1319
"1471","m",37,"high","high",13,1676
"1491","m",37,"med.","high",16,1563
"1528","m",37,"high","med.",13,1677
"1534","f",37,"low","low",17,1060
"1540","f",37,"high","high",5,1248
"1554","f",37,"med.","low",8,1194
"1571","m",37,"high","high",13,1574
"1575","m",37,"low","med.",18,1251
"1641","m",37,"high","high",12,1555
"1666","f",37,"low","low",14,917
"1708","m",37,"low","low",19,1197
"1734","m",37,"high","high",11,1645
"1758","m",37,"high","high",11,1622
"1832","f",37,"low","low",19,1092
"1835","m",37,"low","low",20,1264
"1862","f",37,"high","high",9,1448
"37","m",36,"low","low",18,1089
"50","m",36,"low","low",17,1221
"69","m",36,"low","low",19,1258
"101","m",36,"high","high",11,1614
"113","m",36,"med.","high",14,1405
"191","f",36,"low","low",15,881
"204","f",36,"med.","low",12,1064
"251","m",36,"high","high",13,1598
"286","m",36,"high","high",12,1602
"295","m",36,"low","med.",19,1358
"315","f",36,"high","high",9,1429
"319","f",36,"med.","med.",12,1165
"346","m",36,"high","high",10,1476
"366","m",36,"high","high",10,1698
"368","m",36,"med.","med.",15,1555
"406","m",36,"med.","med.",15,1667
"418","m",36,"low","low",16,1234
"575","m",36,"high","med.",12,1399
"795","f",36,"low","low",15,1064
"807","m",36,"low","low",18,1406
"852","m",36,"low","low",17,1067
"945","f",36,"high","high",8,1307
"982","f",36,"med.","med.",13,884
"1021","f",36,"high","med.",4,1252
"1022","m",36,"high","high",12,1730
"1042","m",36,"high","med.",12,1309
"1090","f",36,"low","low",15,1244
"1130","m",36,"low","low",18,1261
"1136","f",36,"low","low",13,1132
"1207","m",36,"high","high",12,1755
"1276","f",36,"high","high",9,1344
"1370","f",36,"med.","high",11,1240
"1405","f",36,"high","high",9,1432
"1438","f",36,"low","low",17,898
"1449","f",36,"med.","low",7,1062
"1559","m",36,"low","low",19,1120
"1567","f",36,"med.","low",14,982
"1626","m",36,"low","low",19,1198
"1671","m",36,"med.","med.",17,1392
"1767","f",36,"high","high",5,1432
"1780","f",36,"low","low",15,923
"1789","m",36,"low","med.",19,1371
"1791","f",36,"low","low",10,726
"1869","m",36,"low","low",17,1160
"22","f",35,"high","high",8,1572
"62","f",35,"high","high",10,1546
"161","m",35,"low","low",16,1074
"179","m",35,"high","med.",10,1449
"261","f",35,"med.","med.",11,1017
"296","f",35,"low","low",15,1009
"345","m",35,"low","low",16,1384
"371","m",35,"low","med.",16,1298
"436","m",35,"med.","med.",15,1297
"502","m",35,"low","low",17,1381
"505","m",35,"med.","med.",14,1351
"509","m",35,"high","med.",10,1387
"579","f",35,"low","low",17,1276
"614","f",35,"low","low",7,1026
"623","m",35,"med.","med.",14,1379
"635","f",35,"med.","low",6,1257
"638","m",35,"med.","med.",15,1280
"711","m",35,"high","high",9,1708
"727","f",35,"low","low",11,1036
"949","m",35,"low","med.",18,1146
"971","f",35,"med.","med.",4,1179
"983","m",35,"high","high",11,1610
"988","f",35,"med.","low",9,995
"1093","m",35,"high","med.",9,1468
"1100","f",35,"low","low",12,1204
"1111","m",35,"med.","med.",13,1322
"1120","f",35,"med.","high",7,1338
"1220","m",35,"high","high",11,1507
"1225","f",35,"med.","med.",9,1145
"1229","m",35,"low","low",16,1233
"1239","f",35,"high","med.",4,1183
"1317","f",35,"med.","low",10,1465
"1319","m",35,"med.","high",16,1327
"1349","f",35,"med.","med.",9,1168
"1355","m",35,"low","low",18,1148
"1374","m",35,"med.","low",13,989
"1485","m",35,"low","low",17,1140
"1533","m",35,"med.","med.",14,1449
"1631","f",35,"med.","med.",9,1073
"1632","m",35,"med.","med.",15,1464
"1636","m",35,"low","med.",17,1472
"1729","f",35,"med.","med.",12,1330
"1769","m",35,"med.","med.",15,1386
"1774","m",35,"med.","med.",15,1377
"1827","f",35,"low","low",12,1000
"1882","f",35,"med.","med.",13,1123
"1915","f",35,"low","low",13,1002
"1920","f",35,"med.","med.",12,1141
"19","m",34,"med.","med.",13,1280
"23","m",34,"low","med.",14,1064
"52","m",34,"med.","med.",12,1452
"79","f",34,"med.","med.",9,1130
"173","m",34,"med.","med.",12,1294
"218","f",34,"med.","low",8,1063
"239","m",34,"low","med.",18,1309
"449","f",34,"low","low",9,1109
"490","f",34,"med.","low",6,1128
"512","f",34,"low","low",10,819
"535","m",34,"low","low",14,1347
"634","m",34,"low","low",15,1304
"668","m",34,"med.","med.",11,1473
"697","f",34,"low","low",14,1024
"731","f",34,"high","high",7,1629
"736","f",34,"med.","med.",9,1383
"754","m",34,"med.","med.",12,1492
"840","f",34,"med.","med.",9,1198
"843","f",34,"med.","med.",10,1072
"866","m",34,"low","low",16,1096
"869","m",34,"low","low",16,1195
"933","m",34,"low","low",15,1070
"937","f",34,"med.","med.",8,1153
"962","f",34,"med.","med.",12,957
"974","f",34,"low","low",15,888
"1008","f",34,"low","low",12,981
"1057","m",34,"high","high",8,1573
"1064","f",34,"low","low",12,907
"1162","m",34,"low","low",15,1123
"1263","m",34,"med.","med.",12,1238
"1277","m",34,"low","low",14,1104
"1284","f",34,"low","low",12,1073
"1312","m",34,"low","low",17,1185
"1335","f",34,"high","high",5,1468
"1354","f",34,"low","low",13,759
"1390","m",34,"low","med.",16,1095
"1439","f",34,"med.","med.",10,1305
"1445","f",34,"low","low",15,1131
"1507","m",34,"low","med.",18,1252
"1538","f",34,"low","med.",16,1163
"1553","m",34,"med.","high",12,1384
"1593","m",34,"low","low",15,1196
"1606","m",34,"high","high",7,1475
"1645","m",34,"med.","med.",11,1287
"1667","f",34,"low","low",13,1043
"1730","f",34,"low","low",12,997
"1738","f",34,"low","low",11,829
"1833","f",34,"high","med.",6,1049
"1846","f",34,"low","med.",16,1071
"1897","m",34,"low","med.",17,1208
"213","f",33,"high","med.",9,1455
"221","m",33,"low","low",16,1129
"263","m",33,"high","high",8,1540
"271","f",33,"low","low",9,1197
"282","m",33,"high","med.",6,1418
"294","f",33,"high","med.",5,1133
"389","f",33,"low","low",9,855
"404","f",33,"high","med.",2,1173
"433","m",33,"med.","med.",11,1160
"460","f",33,"high","high",9,1528
"504","m",33,"med.","med.",12,1597
"514","m",33,"low","low",15,1103
"560","m",33,"med.","low",12,1222
"577","m",33,"high","high",8,1570
"665","m",33,"med.","med.",12,1247
"690","m",33,"med.","high",12,1531
"707","m",33,"high","high",8,1524
"710","m",33,"med.","med.",11,1493
"728","f",33,"high","med.",5,1149
"788","f",33,"low","low",11,895
"893","f",33,"med.","med.",9,1251
"1001","m",33,"low","low",17,1373
"1062","f",33,"low","low",13,972
"1095","m",33,"med.","med.",12,1363
"1116","f",33,"med.","med.",9,1171
"1117","m",33,"med.","med.",12,1344
"1169","m",33,"high","high",6,1404
"1235","m",33,"med.","med.",11,1307
"1251","f",33,"low","low",13,999
"1397","f",33,"med.","med.",14,1273
"1409","f",33,"low","low",7,1059
"1475","m",33,"low","low",15,1167
"1502","m",33,"low","low",15,1074
"1541","f",33,"med.","med.",6,1111
"1546","f",33,"low","low",10,1095
"1627","m",33,"low","low",16,1329
"1654","f",33,"med.","med.",7,1087
"1683","m",33,"high","high",8,1554
"1873","m",33,"high","med.",6,1635
"1877","m",33,"low","low",15,1193
"1878","f",33,"high","high",6,1253
"1914","m",33,"med.","high",13,1523
"1919","f",33,"high","high",5,1659
"2","m",32,"high","high",6,1224
"95","f",32,"med.","med.",6,1082
"124","f",32,"high","med.",0,1232
"170","m",32,"low","med.",14,1478
"252","m",32,"med.","high",11,1483
"259","f",32,"low","low",9,1091
"270","m",32,"med.","med.",11,1162
"323","m",32,"high","med.",6,1266
"338","f",32,"med.","high",7,1109
"343","f",32,"high","med.",5,1107
"455","f",32,"low","low",11,1017
"583","m",32,"low","med.",15,1354
"587","m",32,"low","low",13,1043
"592","f",32,"low","low",11,994
"603","m",32,"low","low",13,1222
"685","f",32,"med.","med.",6,1211
"741","m",32,"low","low",15,1137
"759","f",32,"high","med.",3,1298
"761","m",32,"med.","med.",9,1199
"772","m",32,"med.","med.",12,1277
"820","m",32,"low","low",13,1180
"890","f",32,"low","low",11,859
"972","f",32,"low","low",12,996
"985","f",32,"low","low",10,862
"1160","m",32,"high","high",4,1330
"1179","f",32,"high","high",3,1266
"1221","m",32,"med.","high",13,1615
"1242","m",32,"low","low",15,1372
"1253","m",32,"med.","med.",13,1542
"1330","f",32,"low","low",11,1096
"1334","f",32,"low","low",11,1022
"1366","m",32,"med.","high",11,1267
"1446","m",32,"med.","med.",11,1181
"1468","f",32,"low","low",8,945
"1505","m",32,"high","high",6,1373
"1520","f",32,"low","low",12,1107
"1526","f",32,"med.","med.",6,1414
"1574","f",32,"high","high",5,1377
"1585","m",32,"med.","med.",12,1427
"1594","m",32,"low","low",13,1018
"1601","m",32,"low","low",12,1316
"1672","f",32,"high","high",2,1320
"1714","f",32,"med.","med.",10,1096
"1751","m",32,"med.","high",13,1517
"1753","f",32,"med.","med.",8,1218
"1790","f",32,"low","low",13,977
"1810","f",32,"low","low",9,875
"1816","f",32,"high","med.",2,1304
"1829","f",32,"high","med.",8,1182
"1842","m",32,"med.","med.",11,1200
"1888","f",32,"med.","med.",7,1066
"1905","f",32,"low","low",10,753
"17","f",31,"med.","med.",5,950
"90","m",31,"med.","med.",8,1281
"256","m",31,"high","med.",7,1343
"283","f",31,"low","low",9,990
"357","m",31,"med.","med.",12,1399
"375","f",31,"med.","low",7,1157
"442","f",31,"low","low",5,977
"498","m",31,"low","low",13,1103
"548","f",31,"high","med.",6,1088
"581","m",31,"med.","med.",8,1340
"606","f",31,"high","med.",3,1368
"656","f",31,"low","low",5,963
"660","m",31,"high","med.",8,1250
"694","m",31,"med.","med.",10,1239
"738","m",31,"high","high",6,1697
"769","m",31,"low","low",13,1231
"786","f",31,"high","med.",0,1254
"804","f",31,"low","low",9,916
"824","m",31,"low","med.",12,1279
"848","f",31,"med.","med.",7,986
"873","f",31,"med.","med.",6,1409
"910","f",31,"low","low",8,954
"936","f",31,"low","low",8,966
"978","f",31,"high","high",0,1213
"1006","f",31,"med.","low",3,1096
"1076","f",31,"low","low",11,1055
"1098","f",31,"low","low",10,1067
"1154","f",31,"low","low",8,807
"1175","m",31,"low","low",13,1217
"1210","m",31,"med.","med.",9,1332
"1223","m",31,"med.","med.",10,1205
"1237","f",31,"high","med.",0,1322
"1269","m",31,"low","low",14,1128
"1340","f",31,"high","high",4,1332
"1377","m",31,"med.","med.",10,1449
"1462","m",31,"med.","med.",11,1383
"1470","f",31,"med.","med.",8,1156
"1514","m",31,"low","low",13,1108
"1550","f",31,"med.","low",5,1170
"1562","f",31,"med.","med.",6,1004
"1681","m",31,"high","high",6,1378
"1856","m",31,"med.","high",11,1546
"1892","f",31,"low","low",10,1136
"1916","m",31,"med.","med.",12,1516
"34","f",30,"high","med.",3,1039
"48","f",30,"med.","med.",6,1191
"120","f",30,"med.","low",5,1184
"162","m",30,"low","med.",14,1005
"188","f",30,"low","low",9,1091
"325","m",30,"low","med.",12,1028
"444","m",30,"low","med.",11,1096
"457","m",30,"high","med.",4,1284
"478","f",30,"low","low",6,994
"563","f",30,"high","med.",3,1353
"571","f",30,"high","high",0,1508
"594","f",30,"low","low",6,939
"601","m",30,"low","low",9,1202
"654","f",30,"low","low",7,932
"708","f",30,"high","high",0,1555
"729","m",30,"med.","med.",9,1410
"889","m",30,"med.","low",9,1120
"915","m",30,"med.","med.",9,1242
"1004","f",30,"low","low",4,704
"1015","f",30,"med.","med.",6,1439
"1028","m",30,"high","high",7,1563
"1067","m",30,"high","high",4,1489
"1097","f",30,"low","low",6,817
"1139","m",30,"low","low",12,1089
"1140","f",30,"low","low",7,1033
"1183","m",30,"med.","med.",7,1449
"1201","m",30,"med.","med.",8,1385
"1214","f",30,"med.","low",3,1038
"1339","m",30,"low","med.",12,1337
"1341","f",30,"med.","low",0,1032
"1411","f",30,"med.","med.",5,1177
"1423","m",30,"high","high",5,1558
"1456","m",30,"low","low",13,1165
"1483","f",30,"high","med.",0,1193
"1595","f",30,"low","low",7,993
"1608","m",30,"low","med.",12,1226
"1617","m",30,"med.","med.",9,1141
"1634","f",30,"high","med.",0,1121
"1696","m",30,"med.","med.",7,1092
"1705","f",30,"low","low",6,895
"1727","m",30,"med.","med.",11,1273
"1750","m",30,"med.","med.",8,1363
"1755","f",30,"low","low",15,994
"1786","f",30,"med.","med.",5,1181
"1797","f",30,"med.","med.",7,1147
"1813","m",30,"low","low",11,1079
"1844","f",30,"med.","low",4,1050
"1876","m",30,"low","med.",14,1305
"1879","m",30,"med.","med.",8,1355
"1908","m",30,"low","med.",11,1075
"63","m",29,"med.","med.",6,1355
"128","f",29,"low","low",5,1094
"172","f",29,"med.","med.",2,985
"177","f",29,"low","low",7,1070
"248","f",29,"low","low",7,782
"279","m",29,"high","high",4,1624
"281","f",29,"low","low",8,1073
"287","m",29,"med.","med.",6,1111
"288","m",29,"med.","low",7,1104
"306","m",29,"med.","med.",6,1229
"349","f",29,"low","low",3,951
"425","m",29,"low","low",10,1189
"434","m",29,"high","high",5,1476
"557","f",29,"low","low",9,962
"574","m",29,"med.","med.",9,1446
"628","f",29,"med.","low",4,917
"718","f",29,"low","low",9,951
"740","f",29,"med.","med.",4,1154
"799","m",29,"med.","high",7,1232
"812","f",29,"med.","low",5,1206
"863","f",29,"low","low",3,1029
"914","m",29,"high","high",6,1557
"948","f",29,"med.","med.",12,1246
"1040","m",29,"med.","med.",9,1301
"1080","f",29,"high","high",3,1496
"1115","f",29,"med.","med.",1,924
"1180","m",29,"high","high",3,1512
"1200","f",29,"low","low",10,1062
"1255","f",29,"low","low",3,1055
"1287","f",29,"low","low",6,922
"1358","m",29,"low","low",9,1181
"1364","m",29,"high","high",4,1501
"1365","m",29,"low","low",10,1194
"1408","m",29,"low","low",11,1111
"1413","f",29,"med.","low",3,1129
"1414","m",29,"high","high",4,1565
"1455","m",29,"low","low",11,1176
"1532","m",29,"low","low",11,1253
"1570","m",29,"med.","med.",7,1279
"1583","m",29,"med.","low",6,1069
"1592","f",29,"low","low",4,887
"1655","m",29,"med.","med.",9,1212
"1673","m",29,"low","low",11,948
"1676","m",29,"low","low",11,1007
"1736","f",29,"high","high",0,1334
"1761","f",29,"med.","med.",4,1039
"1818","m",29,"low","low",11,931
"1850","f",29,"low","low",9,823
"1911","f",29,"high","med.",0,1203
"29","f",28,"high","med.",0,1338
"61","m",28,"med.","med.",7,1156
"189","f",28,"med.","med.",0,1094
"220","f",28,"med.","med.",5,977
"253","f",28,"med.","med.",2,1376
"381","m",28,"med.","low",8,1251
"546","m",28,"med.","low",7,1235
"616","f",28,"low","low",9,715
"744","f",28,"low","low",5,791
"763","m",28,"med.","med.",6,1259
"781","m",28,"med.","low",7,1093
"855","f",28,"high","med.",0,1317
"990","m",28,"high","high",2,1511
"997","f",28,"low","low",5,867
"1075","m",28,"med.","med.",8,1206
"1082","m",28,"med.","med.",7,1333
"1142","f",28,"med.","med.",3,1271
"1148","m",28,"med.","med.",7,1220
"1264","m",28,"low","low",9,1200
"1266","m",28,"med.","low",7,1137
"1346","f",28,"low","low",6,1074
"1348","m",28,"high","med.",2,1487
"1350","f",28,"high","high",0,1514
"1367","m",28,"med.","med.",7,1210
"1398","f",28,"high","high",0,1412
"1400","f",28,"high","med.",2,1241
"1441","m",28,"high","med.",2,1204
"1467","m",28,"med.","med.",7,1460
"1474","f",28,"med.","med.",0,1199
"1579","m",28,"high","high",2,1617
"1588","m",28,"high","med.",3,1501
"1625","m",28,"med.","low",6,1381
"1640","f",28,"med.","low",2,1128
"1662","m",28,"med.","med.",7,1377
"1853","m",28,"low","low",11,1222
"1883","m",28,"low","med.",11,1453
"1898","m",28,"med.","med.",8,1164
"1917","m",28,"low","med.",11,1256
"67","m",27,"low","low",10,1141
"127","f",27,"med.","low",3,1137
"129","f",27,"med.","low",2,954
"142","f",27,"med.","med.",2,1280
"222","f",27,"low","med.",6,1157
"240","f",27,"low","low",5,1015
"301","m",27,"med.","low",7,1276
"329","m",27,"med.","low",6,1123
"333","f",27,"low","low",4,804
"390","m",27,"high","high",2,1645
"391","f",27,"high","high",2,1399
"407","f",27,"high","med.",0,1161
"469","m",27,"med.","med.",5,1119
"540","f",27,"med.","med.",5,1194
"542","m",27,"high","med.",0,1191
"595","m",27,"low","low",9,1260
"659","m",27,"high","high",3,1632
"667","m",27,"med.","low",7,1256
"671","m",27,"low","low",9,1042
"683","f",27,"low","low",5,909
"691","f",27,"high","med.",0,1215
"703","f",27,"low","low",6,984
"721","f",27,"low","low",3,1159
"760","m",27,"med.","med.",6,1122
"803","m",27,"med.","med.",5,1292
"828","m",27,"low","low",9,1263
"859","m",27,"med.","med.",5,1235
"976","m",27,"low","low",10,1081
"1020","f",27,"high","high",0,1413
"1025","f",27,"med.","med.",0,949
"1052","m",27,"low","low",9,955
"1119","f",27,"med.","med.",3,1027
"1164","m",27,"low","low",10,1262
"1218","f",27,"low","low",6,809
"1248","m",27,"low","low",7,1274
"1352","m",27,"high","high",2,1579
"1443","f",27,"high","med.",1,899
"1513","f",27,"med.","med.",0,940
"1556","f",27,"high","med.",0,1288
"1565","f",27,"high","high",0,1455
"1576","f",27,"low","low",6,911
"1621","m",27,"med.","med.",7,1286
"1622","f",27,"low","low",7,861
"1639","m",27,"med.","med.",6,1200
"1658","f",27,"high","high",0,1423
"1687","m",27,"high","high",3,1593
"1688","m",27,"low","low",9,937
"1704","f",27,"high","med.",0,1141
"1713","m",27,"low","low",11,1196
"1744","m",27,"high","high",3,1458
"21","m",26,"low","low",7,940
"125","m",26,"low","low",8,1232
"326","m",26,"high","high",0,1616
"373","m",26,"med.","low",4,1234
"386","m",26,"low","low",9,1104
"428","f",26,"low","low",2,942
"435","f",26,"low","low",4,888
"443","m",26,"med.","med.",5,1318
"466","f",26,"med.","low",6,1070
"471","f",26,"high","high",0,1384
"486","m",26,"high","high",0,1361
"499","f",26,"med.","low",3,1171
"510","f",26,"med.","med.",0,1112
"613","f",26,"med.","low",0,976
"633","m",26,"low","low",8,1041
"677","m",26,"high","high",1,1457
"793","f",26,"low","low",3,994
"815","f",26,"low","low",1,841
"946","m",26,"med.","med.",7,1022
"957","m",26,"med.","low",3,1476
"961","m",26,"high","med.",0,1460
"993","m",26,"high","med.",0,1199
"995","f",26,"high","high",3,1528
"1122","m",26,"med.","high",6,1490
"1157","f",26,"low","low",2,913
"1168","m",26,"low","low",7,1013
"1203","m",26,"med.","low",5,1287
"1222","m",26,"high","med.",0,1680
"1257","m",26,"med.","low",2,1003
"1281","f",26,"low","low",5,904
"1294","f",26,"high","med.",0,1242
"1320","m",26,"med.","med.",7,1197
"1321","f",26,"high","high",0,1390
"1369","f",26,"high","high",0,1272
"1442","f",26,"low","low",3,792
"1529","m",26,"med.","low",4,1153
"1537","f",26,"low","low",4,1018
"1586","m",26,"low","low",9,1121
"1612","m",26,"med.","low",5,1092
"1697","m",26,"low","low",7,1222
"1807","f",26,"med.","med.",1,1128
"1824","m",26,"low","low",8,1007
"1830","m",26,"low","low",7,1120
"1841","m",26,"low","low",7,1051
"1845","m",26,"med.","low",4,1093
"1860","f",26,"med.","low",0,863
"1867","m",26,"low","low",8,978
"1901","f",26,"low","low",0,782
"13","f",25,"med.","med.",0,962
"47","f",25,"low","low",4,977
"60","f",25,"med.","low",1,965
"110","m",25,"med.","low",4,1210
"123","f",25,"low","low",3,973
"171","f",25,"low","low",6,843
"182","m",25,"low","low",6,1004
"266","f",25,"low","low",6,887
"269","f",25,"low","low",3,853
"274","m",25,"low","low",8,1060
"316","m",25,"low","med.",7,1006
"321","m",25,"low","low",8,1182
"431","m",25,"high","high",3,1527
"573","m",25,"high","high",2,1813
"636","m",25,"med.","low",2,1089
"642","f",25,"low","low",4,1040
"672","f",25,"low","low",2,789
"723","f",25,"high","med.",0,946
"762","m",25,"low","low",7,1222
"784","f",25,"med.","low",2,980
"796","m",25,"low","low",6,1078
"802","m",25,"low","low",6,1044
"818","f",25,"low","low",5,883
"831","f",25,"low","low",4,979
"881","m",25,"med.","med.",3,1012
"897","m",25,"low","med.",6,1266
"906","f",25,"low","low",4,1102
"969","m",25,"low","low",6,942
"1003","m",25,"high","high",0,1635
"1118","m",25,"med.","med.",4,1181
"1152","f",25,"high","med.",0,1324
"1156","f",25,"low","low",4,798
"1159","m",25,"low","low",8,982
"1188","f",25,"low","low",5,1080
"1232","m",25,"low","low",7,999
"1247","m",25,"low","low",7,1015
"1271","f",25,"high","high",0,1385
"1279","m",25,"low","low",8,1017
"1316","f",25,"low","low",4,879
"1353","m",25,"low","low",6,1097
"1379","f",25,"high","high",0,1447
"1394","m",25,"low","low",6,1096
"1432","f",25,"med.","med.",2,1362
"1450","m",25,"high","high",0,1760
"1463","m",25,"med.","low",4,1113
"1499","f",25,"low","low",0,720
"1519","m",25,"med.","low",5,1281
"1525","m",25,"low","low",7,1118
"1591","m",25,"med.","med.",5,1358
"1609","f",25,"med.","low",2,1154
"1613","m",25,"med.","high",4,1365
"1615","f",25,"med.","low",4,1239
"1649","m",25,"med.","med.",5,1235
"1660","m",25,"med.","med.",3,1250
"1677","f",25,"med.","med.",4,1197
"1700","m",25,"low","low",7,1336
"1719","f",25,"med.","low",3,921
"1764","f",25,"low","low",4,903
"1773","m",25,"low","low",6,772
"1787","f",25,"med.","med.",0,1113
"1839","m",25,"low","low",8,1217
"1918","m",25,"low","low",8,1429
"51","m",24,"med.","low",4,1095
"114","m",24,"low","low",5,953
"119","m",24,"low","low",5,987
"143","m",24,"med.","low",1,1119
"463","m",24,"med.","low",1,941
"491","f",24,"med.","low",0,948
"531","m",24,"low","low",5,1099
"576","m",24,"low","low",5,1053
"640","f",24,"low","low",2,920
"664","f",24,"med.","med.",0,1144
"747","f",24,"low","low",0,761
"819","m",24,"med.","low",5,1257
"850","m",24,"high","high",0,1663
"861","f",24,"med.","med.",0,1042
"908","m",24,"med.","med.",2,1160
"942","f",24,"low","low",3,1052
"960","m",24,"high","high",0,1647
"973","f",24,"low","low",4,841
"1053","m",24,"med.","low",1,1137
"1084","f",24,"med.","low",1,732
"1094","f",24,"high","high",0,1341
"1104","f",24,"low","low",2,982
"1126","m",24,"high","high",0,1409
"1293","m",24,"med.","med.",3,1284
"1296","f",24,"low","low",3,852
"1310","f",24,"med.","med.",0,1021
"1322","m",24,"low","low",7,1151
"1373","f",24,"high","med.",0,1272
"1415","m",24,"low","low",5,892
"1429","m",24,"high","high",0,1527
"1521","f",24,"low","low",4,893
"1544","f",24,"high","high",0,1568
"1616","m",24,"high","med.",0,1481
"1723","f",24,"high","med.",0,1165
"1724","m",24,"low","low",7,1004
"1804","m",24,"high","high",0,1457
"1809","f",24,"low","low",0,780
"1886","f",24,"med.","low",0,823
"57","m",23,"high","med.",0,1268
"93","m",23,"low","med.",7,1456
"145","m",23,"low","low",5,1188
"184","f",23,"med.","med.",0,1062
"205","f",23,"med.","med.",1,1010
"215","f",23,"med.","med.",0,1069
"312","f",23,"med.","low",0,1104
"324","m",23,"low","med.",5,1121
"385","m",23,"med.","med.",2,1181
"403","f",23,"low","low",4,885
"427","f",23,"high","high",0,1472
"441","m",23,"low","low",5,1119
"676","m",23,"med.","med.",2,1235
"758","m",23,"med.","low",2,948
"994","f",23,"high","med.",0,1317
"1046","m",23,"high","high",0,1365
"1059","m",23,"low","low",5,859
"1078","m",23,"low","low",6,1013
"1113","f",23,"low","low",0,1203
"1298","f",23,"high","high",0,1426
"1323","f",23,"med.","med.",0,1060
"1345","m",23,"med.","low",2,1046
"1351","f",23,"med.","low",0,868
"1461","m",23,"low","low",3,922
"1492","m",23,"med.","low",1,1133
"1512","f",23,"med.","low",0,948
"1656","m",23,"low","low",6,1185
"1674","f",23,"med.","med.",0,1012
"1762","m",23,"med.","high",2,1373
"1849","m",23,"med.","med.",3,1039
"1896","m",23,"med.","med.",1,1068
"98","m",22,"low","low",3,1031
"126","m",22,"med.","low",0,951
"141","m",22,"low","low",3,1294
"232","m",22,"high","high",0,1608
"313","f",22,"low","low",6,1073
"337","f",22,"med.","low",0,1205
"485","f",22,"high","high",0,1559
"495","m",22,"med.","med.",0,1316
"666","f",22,"med.","low",0,1103
"693","f",22,"med.","med.",0,1181
"984","m",22,"med.","med.",1,1301
"1014","f",22,"low","low",0,859
"1135","m",22,"low","low",5,1065
"1197","m",22,"high","med.",0,1430
"1265","m",22,"low","low",3,1048
"1288","f",22,"high","med.",0,1172
"1305","m",22,"med.","med.",2,1254
"1329","m",22,"med.","med.",0,1214
"1417","m",22,"med.","low",2,1046
"1418","f",22,"med.","med.",0,1039
"1448","f",22,"med.","low",0,1074
"1482","m",22,"med.","med.",0,1263
"1618","f",22,"low","low",1,727
"1644","f",22,"high","high",0,1385
"1664","m",22,"high","med.",0,1290
"1741","m",22,"med.","med.",1,1255
"1781","m",22,"med.","med.",1,1067
"1825","f",22,"high","high",0,1339
"1870","m",22,"high","med.",0,1199
"88","f",21,"low","low",0,950
"158","f",21,"low","low",3,1075
"280","m",21,"high","med.",0,1065
"399","m",21,"low","low",2,863
"448","m",21,"low","low",3,1365
"679","m",21,"low","low",1,1058
"860","m",21,"med.","med.",1,1183
"1109","f",21,"high","high",0,1289
"1290","m",21,"med.","med.",0,1267
"1430","f",21,"low","low",0,1138
"1498","f",21,"low","low",0,1007
"1560","m",21,"low","low",4,794
"1602","m",21,"high","med.",0,1313
"1651","m",21,"high","med.",0,1198
"1659","m",21,"low","low",3,862
"1701","m",21,"high","med.",0,1141
"1756","f",21,"med.","low",0,917
"1784","m",21,"low","low",4,1061
"5","m",20,"low","low",3,1184
"53","m",20,"med.","low",0,1007
"300","f",20,"med.","med.",0,1033
"580","m",20,"med.","med.",0,1164
"585","f",20,"low","low",0,858
"586","m",20,"med.","med.",0,1152
"609","m",20,"med.","med.",0,1198
"673","m",20,"med.","med.",0,1049
"748","m",20,"med.","low",0,1054
"817","m",20,"low","low",0,824
"989","f",20,"high","high",0,1475
"1013","m",20,"low","low",2,876
"1018","m",20,"med.","low",0,1052
"1325","m",20,"med.","med.",0,1094
"1515","f",20,"high","high",0,1370
"91","m",19,"low","low",2,1092
"201","m",19,"low","low",2,979
"353","f",19,"high","high",0,1517
"470","f",19,"low","med.",0,955
"480","f",19,"high","high",0,1306
"1081","f",19,"low","low",0,887
"1407","m",19,"low","low",1,942
"1857","m",19,"med.","med.",0,1192
"27","f",18,"med.","low",0,816
"86","f",18,"med.","med.",0,987
"336","m",18,"med.","med.",0,1303
"473","f",18,"high","high",0,1308
"554","f",18,"low","low",0,896
"570","m",18,"low","low",0,1020
"888","f",18,"med.","low",0,878
"1037","m",18,"low","low",2,989
"1133","m",18,"high","med.",0,1354
"1244","m",18,"high","high",0,1623
"1464","m",18,"med.","low",0,1233
"1703","m",18,"low","low",0,1108
